{
  "total_trades": 134,
  "no_trade_periods": 0,
  "total_pnl": 66050.0697777253,
  "win_rate": 0.23880597014925373,
  "avg_pnl_per_trade": 492.9109684904873,
  "sharpe_annualized": 2.3335800484793703,
  "max_drawdown": 778.7879224766727,
  "avg_edge": 0.20351023087199066,
  "profit_factor": 13.142948261203237,
  "params": {
    "cond_table": [
      [
        100,
        149,
        194,
        32
      ],
      [
        150,
        199,
        265,
        42
      ],
      [
        200,
        249,
        315,
        42
      ],
      [
        250,
        299,
        379,
        42
      ],
      [
        300,
        349,
        427,
        60
      ],
      [
        350,
        399,
        518,
        45
      ],
      [
        400,
        449,
        555,
        26
      ]
    ],
    "momentum_matrix": [
      [
        0.61,
        0.28,
        0.11
      ],
      [
        0.22,
        0.45,
        0.33
      ],
      [
        0.08,
        0.27,
        0.65
      ]
    ],
    "momentum_thresholds": [
      300,
      400
    ],
    "momentum_weight_by_day": [
      0.4,
      0.4,
      0.35,
      0.25,
      0.15,
      0.05,
      0.0
    ],
    "daily_mean": 48.9,
    "daily_std": 25.1,
    "bin_width": 20,
    "min_edge": 0.08,
    "entry_day": 6,
    "kelly_half": true,
    "stake_per_trade": 500
  },
  "is_profitable": false,
  "timestamp": "2026-03-23T01:02:54.200291+00:00",
  "data_days": 140
}